"#","Subject Code","Subject","Subject Type","Present","OD","Makeup","Absent","Percentage"
"1","CEUL560.1","Climate Change Science","Lecture","20","0","0","1","95.24"
"2","CRT","Campus Recruitment Training","Lab","38","0","0","12","76.00"
"3","ITUL501","Design and Analysis of Algorithms","Lecture","18","0","0","3","85.71"
"4","ITUL502","Machine Learning","Lecture","18","0","0","7","72.00"
"5","ITUL503","MERN Stack","Lecture","16","0","0","6","72.73"
"6","ITUL504","Cloud Computing","Lecture","12","0","0","2","85.71"
"7","ITUL511","Cryptography and Network Security","Lecture","17","0","0","4","80.95"
"8","ITUP520","Design and Analysis of Algorithms Lab","Lab","12","0","0","4","75.00"
"9","ITUP521","Machine Learning Lab","Lab","12","0","0","6","66.67"
"10","ITUP522","MERN Stack Lab","Lab","12","0","0","4","75.00"
"11","ITUP523","Advance Java Lab","Lab","8","0","0","8","50.00"
"12","ITUT530","Industrial Training","Lab","5","0","0","1","83.33"