,Name,Email,Roll Number,Mobile Number,Week 0 : Assignment 0,Week 1 : Assignment 1,Week 2 : Assignment 2,Week 3 : Assignment 3,Week 4 : Assignment 4,
50,HEMAKSHI SINGH,b241194@skit.ac.in,24ESKIT066,+91 82097 86252,,100,90,,,5
57,Hritik kumar gupta,b241208@skit.ac.in,24ESKIT070,+91 70624 08100,,85,90,40,100,8
58,Kashti Bhatt ,kashti08bhatt@gmail.com,24ESKIT074,+91 80058 74434,,72,90,40,100,8
59,Kevin Goyal,goyalkevin123@gmail.com,24ESKIT078,+91 63771 51935,,,,,,0
64,Lagan Gupta,b241218@skit.ac.in,24ESKIT087,+91 86192 02830,,75,100,50,80,8
65,Lakshya Agarwal ,lakshya14agarwal3@gmail.com,24ESKIT089,+91 72404 14213,,100,90,60,60,8
67,Mohit sharma,b240743@skit.ac.in,24ESKIT100,+91 94609 94068,,72,80,40,100,8
68,Muskan Kumawat,b240896@skit.ac.in,24ESKIT101 ,+91 75970 06011,,95,100,50,60,8
70,Nimisha Maheshwari,b240505@skit.ac.in,24ESKIT106,+91 78777 90957,,85,80,75,100,9
71,Niyati Goplani,b241586@skit.ac.in,24ESKIT109,+91 95115 19768,,75,80,40,100,8
72,Pankaj kumar,b240464@skit.ac.in,24ESKIT111,+91 93340 92450,,,,70,60,4
73,Priya Sharma ,b241362@skit.ac.in,24ESKIT121,+91 91166 16299,,75,80,75,100,9
74,Rajveer Singh Panwar ,b241588@skit.ac.in,24ESKIT131,+91 85290 79004,,80,100,50,60,8
75,Rudraksh sharma,rudrasharma12390@gmail.com,24ESKIT146,+91 83869 71452,,100,80,,,5
76,Sakshi Agarwal,sakshiagarwal8949@gmail.com,24ESKIT149,+91 89495 06932,,100,90,,100,8
78,Sameep Bhatia,b241293@skit.ac.in,24ESKIT154,+91 94130 77697,,,,55,60,3
94,samyak jain,b240940@skit.ac.in,24ESKIT156,+91 90241 37605,,,,,,0
79,Shaneha,shaneha1952006@gmail.com,24ESKIT157,+91 98704 73634,,,,,,0
81,TANISHKA KHANDELWAL ,tanishkakh27@gmail.com,24ESKIT175,+91 73577 06580,,78,50,65,,5
82,Tanishq Mittal ,mittaltanishq469@gmail.com,24ESKIT176,+91 63759 82778,,75,90,55,80,8
83,Tanishq Narula,b240476@skit.ac.in,24ESKIT177,+91 63782 11535,,90,80,70,80,8
95,vijeta choudhary,b241704@skit.ac.in,24ESKIT183,+91 96490 14989,,90,50,80,,6
96,vikashveer singh,b241141@skit.ac.in,24ESKIT185,+91 95090 17838,,90,90,60,40,7
86,Vivart Verma,vivartverma5000@gmail.com,24ESKIT188,+91 95094 57047,,65,80,,,4
87,Yash Mangwani,b241181@skit.ac.in,24ESKIT189,+91 85290 21966,,90,90,60,70,8
88,Yatharth Sharma ,yatharth658@gmail.com,24ESKIT190,+91 97841 11370,,85,100,25,,6
91,Yuvraj Singh,b241595@skit.ac.in,24ESKIT191,+91 95498 63218,,,,60,100,4
85,Vijay Kumar Gupta ,b241177@skit.ac.in,24ESKIT303,+91 79763 95768,,,,70,,2
89,Yug Nanda ,b241094@skit.ac.in,24ESKIT304,+91 82099 93448,,90,90,45,,6
90,Yugam Nanda,b241092@skit.ac.in,24ESKIT305,+91 79769 06369,,,,45,,2
62,Kritika Mangal,b241653@skit.ac.in,24ESKIT308,+91 63757 47818,,90,80,65,,6
84,Vashishth Saini,b241558@skit.ac.in,24ESKIT309,+91 90799 97517,,90,90,60,,6
56,Harshita Goyal ,b240596@skit.ac.in,24ESKITO64 ,+91 88249 18174,,90,100,100,80,10
3,Abdud Daiyan ,abduddaiyann@gmail.com,A-02,+91 83066 22812,,95,80,,,5
17,Aman Kumar Sharma ,amanjaiman0010@gmail.com,B240270 ,+91 63780 67255,,90,80,50,60,7
69,Naman yadav,b240337@skit.ac.in,B240337,+91 72979 58060,,,,60,60,3
22,Anshul,b240444@skit.ac.in,B240444,+91 85888 58100,,88,80,,100,7
61,Khushi Khandelwal,khandelwalk2006@gmail.com,B240488,+91 79765 13375,,95,90,65,100,9
77,Sakshi dhaker,sakshidhaker21@gmail.com,B240977,+91 90790 60792,,80,90,85,40,8
66,Mansi Saini,b241068@skit.ac.in,B241068,+91 99281 23373,,62,100,40,100,8
35,Chintan Jain,jainchintan14@gmail.com,B241165,+91 63756 82041,,,,100,,3
63,Labhya Sharma,labhyasharma2006@gmail.com,B241236,+91 73571 33470,,85,90,65,80,8
37,DIVYANSH DANGAYACH,b241281@skit.ac.in,B241281,+91 70143 91097,,78,70,35,80,7
60,Khushi,b241423@skit.ac.in,B241423,+91 99299 05191,,90,90,60,60,8
40,Deepanshu Sharm ,kaushalbaran39@gmail.com,B241577,+91 82097 40647,,,,50,100,4
46,Gaurav Singh Tanwar ,gauravtanwar1931@gmail.com,B241578 ,+91 96495 29336,,,,,,0
19,Ankit sharma,b241699@skit.ac.in,b241699,+91 96641 03964,,68,100,40,30,6
9,Aditya choudhary ,choudharyaditya0509@gmail.com,O-7,+91 73003 94568,,75,80,,60,6
80,Shyam sunder,syamsunderkamar7568@gmail.com,Q_37,+91 75681 63659,,,,,,0
Serial Number,,,,,,,,,,
